Workbook

Sheet LISTA ALUNOS PARA BD
A1: I224_ | B1: NOME | C1: Nº REF | D1: Primeiro nome | E1: Tirar espaço sobrando no final do nome | F1: USUÁRIO | H1: CÓDIGO - banco | J1: CÓDIGO ACESSO USU BANCO | M1: 1 | N1: Criar banco de dados para os alunos
B2: ABIANI SILVA SANTOS | C2: 11 | D2: =MID(B2,1,SEARCH(" ",B2,1)) -> ABIANI | E2: =TRIM(MID(B2,1,SEARCH(" ",B2,1))) -> ABIANI | F2: =CONCATENATE($A$1,E2,C2) -> I224_ABIANI11 | H2: =CONCATENATE($N$2,F2,$N$3) -> CREATE DATABASE I224_ABIANI11; | J2: =CONCATENATE($N$7,F2,$N$8,$N$9,$N$10) -> GRANT ALL PRIVILEGES ON I224_ABIANI11.* TO l218_tlb; | N2: CREATE DATABASE
B3: AMANDA TANAKA KLEIN | C3: 12 | D3: =MID(B3,1,SEARCH(" ",B3,1)) -> AMANDA | E3: =TRIM(MID(B3,1,SEARCH(" ",B3,1))) -> AMANDA | F3: =CONCATENATE($A$1,E3,C3) -> I224_AMANDA12 | H3: =CONCATENATE($N$2,F3,$N$3) -> CREATE DATABASE I224_AMANDA12; | J3: =CONCATENATE($N$7,F3,$N$8,$N$9,$N$10) -> GRANT ALL PRIVILEGES ON I224_AMANDA12.* TO l218_tlb; | N3: ;
B4: ANDERSON DE OLIVEIRA FERREIRA | C4: 13 | D4: =MID(B4,1,SEARCH(" ",B4,1)) -> ANDERSON | E4: =TRIM(MID(B4,1,SEARCH(" ",B4,1))) -> ANDERSON | F4: =CONCATENATE($A$1,E4,C4) -> I224_ANDERSON13 | H4: =CONCATENATE($N$2,F4,$N$3) -> CREATE DATABASE I224_ANDERSON13; | J4: =CONCATENATE($N$7,F4,$N$8,$N$9,$N$10) -> GRANT ALL PRIVILEGES ON I224_ANDERSON13.* TO l218_tlb; | M4: 2 | N4: Criar usuário para a turma
B5: AUGUSTO DE OLIVEIRA POSSATTI | C5: 14 | D5: =MID(B5,1,SEARCH(" ",B5,1)) -> AUGUSTO | E5: =TRIM(MID(B5,1,SEARCH(" ",B5,1))) -> AUGUSTO | F5: =CONCATENATE($A$1,E5,C5) -> I224_AUGUSTO14 | H5: =CONCATENATE($N$2,F5,$N$3) -> CREATE DATABASE I224_AUGUSTO14; | J5: =CONCATENATE($N$7,F5,$N$8,$N$9,$N$10) -> GRANT ALL PRIVILEGES ON I224_AUGUSTO14.* TO l218_tlb; | N5: CREATE USER 'l218_tlb' IDENTIFIED BY 'l2182019';
B6: CESAR HENRIQUE SANTOS TOLEDO | C6: 15 | D6: =MID(B6,1,SEARCH(" ",B6,1)) -> CESAR | E6: =TRIM(MID(B6,1,SEARCH(" ",B6,1))) -> CESAR | F6: =CONCATENATE($A$1,E6,C6) -> I224_CESAR15 | H6: =CONCATENATE($N$2,F6,$N$3) -> CREATE DATABASE I224_CESAR15; | J6: =CONCATENATE($N$7,F6,$N$8,$N$9,$N$10) -> GRANT ALL PRIVILEGES ON I224_CESAR15.* TO l218_tlb; | M6: 3 | N6: Conceder permissão de acesso para o usuário em todos os banco de dados criados
B7: CLERISTON BARBOSA DA SILVA | C7: 16 | D7: =MID(B7,1,SEARCH(" ",B7,1)) -> CLERISTON | E7: =TRIM(MID(B7,1,SEARCH(" ",B7,1))) -> CLERISTON | F7: =CONCATENATE($A$1,E7,C7) -> I224_CLERISTON16 | H7: =CONCATENATE($N$2,F7,$N$3) -> CREATE DATABASE I224_CLERISTON16; | J7: =CONCATENATE($N$7,F7,$N$8,$N$9,$N$10) -> GRANT ALL PRIVILEGES ON I224_CLERISTON16.* TO l218_tlb; | N7: GRANT ALL PRIVILEGES ON
B8: EVERTON TORRES DA COSTA | C8: 17 | D8: =MID(B8,1,SEARCH(" ",B8,1)) -> EVERTON | E8: =TRIM(MID(B8,1,SEARCH(" ",B8,1))) -> EVERTON | F8: =CONCATENATE($A$1,E8,C8) -> I224_EVERTON17 | H8: =CONCATENATE($N$2,F8,$N$3) -> CREATE DATABASE I224_EVERTON17; | J8: =CONCATENATE($N$7,F8,$N$8,$N$9,$N$10) -> GRANT ALL PRIVILEGES ON I224_EVERTON17.* TO l218_tlb; | N8: .* TO
B9: GABRIEL LUIZ OLIVEIRA DA COSTA | C9: 18 | D9: =MID(B9,1,SEARCH(" ",B9,1)) -> GABRIEL | E9: =TRIM(MID(B9,1,SEARCH(" ",B9,1))) -> GABRIEL | F9: =CONCATENATE($A$1,E9,C9) -> I224_GABRIEL18 | H9: =CONCATENATE($N$2,F9,$N$3) -> CREATE DATABASE I224_GABRIEL18; | J9: =CONCATENATE($N$7,F9,$N$8,$N$9,$N$10) -> GRANT ALL PRIVILEGES ON I224_GABRIEL18.* TO l218_tlb; | N9: l218_tlb | P9: <<< - definir nome do usuário
B10: GUILHERME AUGUSTO DA SILVA FERNANDES | C10: 19 | D10: =MID(B10,1,SEARCH(" ",B10,1)) -> GUILHERME | E10: =TRIM(MID(B10,1,SEARCH(" ",B10,1))) -> GUILHERME | F10: =CONCATENATE($A$1,E10,C10) -> I224_GUILHERME19 | H10: =CONCATENATE($N$2,F10,$N$3) -> CREATE DATABASE I224_GUILHERME19; | J10: =CONCATENATE($N$7,F10,$N$8,$N$9,$N$10) -> GRANT ALL PRIVILEGES ON I224_GUILHERME19.* TO l218_tlb; | N10: ;
B11: JOÃO VICTOR AMARAL CABRERA | C11: 20 | D11: =MID(B11,1,SEARCH(" ",B11,1)) -> JOÃO | E11: =TRIM(MID(B11,1,SEARCH(" ",B11,1))) -> JOÃO | F11: =CONCATENATE($A$1,E11,C11) -> I224_JOÃO20 | H11: =CONCATENATE($N$2,F11,$N$3) -> CREATE DATABASE I224_JOÃO20; | J11: =CONCATENATE($N$7,F11,$N$8,$N$9,$N$10) -> GRANT ALL PRIVILEGES ON I224_JOÃO20.* TO l218_tlb; | M11: 4 | N11: Criar meu usuário
B12: JOSE AUGUSTO CALDEIRA GIMENDES | C12: 21 | D12: =MID(B12,1,SEARCH(" ",B12,1)) -> JOSE | E12: =TRIM(MID(B12,1,SEARCH(" ",B12,1))) -> JOSE | F12: =CONCATENATE($A$1,E12,C12) -> I224_JOSE21 | H12: =CONCATENATE($N$2,F12,$N$3) -> CREATE DATABASE I224_JOSE21; | J12: =CONCATENATE($N$7,F12,$N$8,$N$9,$N$10) -> GRANT ALL PRIVILEGES ON I224_JOSE21.* TO l218_tlb; | N12: CREATE DATABASE L218_EWERTON;
B13: JOSE LEANDRO TOSCHI PADOVEZE | C13: 22 | D13: =MID(B13,1,SEARCH(" ",B13,1)) -> JOSE | E13: =TRIM(MID(B13,1,SEARCH(" ",B13,1))) -> JOSE | F13: =CONCATENATE($A$1,E13,C13) -> I224_JOSE22 | H13: =CONCATENATE($N$2,F13,$N$3) -> CREATE DATABASE I224_JOSE22; | J13: =CONCATENATE($N$7,F13,$N$8,$N$9,$N$10) -> GRANT ALL PRIVILEGES ON I224_JOSE22.* TO l218_tlb; | M13: 5 | N13: Conceder permissão de acesso para meu banco ao usuário
B14: KALLEO FELIPE FELTRIN | C14: 23 | D14: =MID(B14,1,SEARCH(" ",B14,1)) -> KALLEO | E14: =TRIM(MID(B14,1,SEARCH(" ",B14,1))) -> KALLEO | F14: =CONCATENATE($A$1,E14,C14) -> I224_KALLEO23 | H14: =CONCATENATE($N$2,F14,$N$3) -> CREATE DATABASE I224_KALLEO23; | J14: =CONCATENATE($N$7,F14,$N$8,$N$9,$N$10) -> GRANT ALL PRIVILEGES ON I224_KALLEO23.* TO l218_tlb; | N14: GRANT ALL PRIVILEGES ON L218_EWERTON.* TO l218_tlb;
B15: KELLY PEREIRA DOS SANTOS | C15: 24 | D15: =MID(B15,1,SEARCH(" ",B15,1)) -> KELLY | E15: =TRIM(MID(B15,1,SEARCH(" ",B15,1))) -> KELLY | F15: =CONCATENATE($A$1,E15,C15) -> I224_KELLY24 | H15: =CONCATENATE($N$2,F15,$N$3) -> CREATE DATABASE I224_KELLY24; | J15: =CONCATENATE($N$7,F15,$N$8,$N$9,$N$10) -> GRANT ALL PRIVILEGES ON I224_KELLY24.* TO l218_tlb;
B16: KEVIN COSTA IORIO | C16: 25 | D16: =MID(B16,1,SEARCH(" ",B16,1)) -> KEVIN | E16: =TRIM(MID(B16,1,SEARCH(" ",B16,1))) -> KEVIN | F16: =CONCATENATE($A$1,E16,C16) -> I224_KEVIN25 | H16: =CONCATENATE($N$2,F16,$N$3) -> CREATE DATABASE I224_KEVIN25; | J16: =CONCATENATE($N$7,F16,$N$8,$N$9,$N$10) -> GRANT ALL PRIVILEGES ON I224_KEVIN25.* TO l218_tlb;
B17: LORENA OLIVEIRA SOUZA | C17: 26 | D17: =MID(B17,1,SEARCH(" ",B17,1)) -> LORENA | E17: =TRIM(MID(B17,1,SEARCH(" ",B17,1))) -> LORENA | F17: =CONCATENATE($A$1,E17,C17) -> I224_LORENA26 | H17: =CONCATENATE($N$2,F17,$N$3) -> CREATE DATABASE I224_LORENA26; | J17: =CONCATENATE($N$7,F17,$N$8,$N$9,$N$10) -> GRANT ALL PRIVILEGES ON I224_LORENA26.* TO l218_tlb;
B18: LUCAS GABRIEL SILVA DOS SANTOS | C18: 27 | D18: =MID(B18,1,SEARCH(" ",B18,1)) -> LUCAS | E18: =TRIM(MID(B18,1,SEARCH(" ",B18,1))) -> LUCAS | F18: =CONCATENATE($A$1,E18,C18) -> I224_LUCAS27 | H18: =CONCATENATE($N$2,F18,$N$3) -> CREATE DATABASE I224_LUCAS27; | J18: =CONCATENATE($N$7,F18,$N$8,$N$9,$N$10) -> GRANT ALL PRIVILEGES ON I224_LUCAS27.* TO l218_tlb;
B19: MAICON MARTINS LOMBAS | C19: 28 | D19: =MID(B19,1,SEARCH(" ",B19,1)) -> MAICON | E19: =TRIM(MID(B19,1,SEARCH(" ",B19,1))) -> MAICON | F19: =CONCATENATE($A$1,E19,C19) -> I224_MAICON28 | H19: =CONCATENATE($N$2,F19,$N$3) -> CREATE DATABASE I224_MAICON28; | J19: =CONCATENATE($N$7,F19,$N$8,$N$9,$N$10) -> GRANT ALL PRIVILEGES ON I224_MAICON28.* TO l218_tlb;
B20: MATEUS ALVES DE SOUSA | C20: 29 | D20: =MID(B20,1,SEARCH(" ",B20,1)) -> MATEUS | E20: =TRIM(MID(B20,1,SEARCH(" ",B20,1))) -> MATEUS | F20: =CONCATENATE($A$1,E20,C20) -> I224_MATEUS29 | H20: =CONCATENATE($N$2,F20,$N$3) -> CREATE DATABASE I224_MATEUS29; | J20: =CONCATENATE($N$7,F20,$N$8,$N$9,$N$10) -> GRANT ALL PRIVILEGES ON I224_MATEUS29.* TO l218_tlb;
B21: MATHEUS AURELIANO DE SOUSA | C21: 30 | D21: =MID(B21,1,SEARCH(" ",B21,1)) -> MATHEUS | E21: =TRIM(MID(B21,1,SEARCH(" ",B21,1))) -> MATHEUS | F21: =CONCATENATE($A$1,E21,C21) -> I224_MATHEUS30 | H21: =CONCATENATE($N$2,F21,$N$3) -> CREATE DATABASE I224_MATHEUS30; | J21: =CONCATENATE($N$7,F21,$N$8,$N$9,$N$10) -> GRANT ALL PRIVILEGES ON I224_MATHEUS30.* TO l218_tlb;
B22: MATHEUS HENRIQUE ASSUNCAO COSTA | C22: 31 | D22: =MID(B22,1,SEARCH(" ",B22,1)) -> MATHEUS | E22: =TRIM(MID(B22,1,SEARCH(" ",B22,1))) -> MATHEUS | F22: =CONCATENATE($A$1,E22,C22) -> I224_MATHEUS31 | H22: =CONCATENATE($N$2,F22,$N$3) -> CREATE DATABASE I224_MATHEUS31; | J22: =CONCATENATE($N$7,F22,$N$8,$N$9,$N$10) -> GRANT ALL PRIVILEGES ON I224_MATHEUS31.* TO l218_tlb;
B23: MICHEL FERNANDES DE SPINDOLA | C23: 32 | D23: =MID(B23,1,SEARCH(" ",B23,1)) -> MICHEL | E23: =TRIM(MID(B23,1,SEARCH(" ",B23,1))) -> MICHEL | F23: =CONCATENATE($A$1,E23,C23) -> I224_MICHEL32 | H23: =CONCATENATE($N$2,F23,$N$3) -> CREATE DATABASE I224_MICHEL32; | J23: =CONCATENATE($N$7,F23,$N$8,$N$9,$N$10) -> GRANT ALL PRIVILEGES ON I224_MICHEL32.* TO l218_tlb;
B24: NATHAN DA COSTA SILVA | C24: 33 | D24: =MID(B24,1,SEARCH(" ",B24,1)) -> NATHAN | E24: =TRIM(MID(B24,1,SEARCH(" ",B24,1))) -> NATHAN | F24: =CONCATENATE($A$1,E24,C24) -> I224_NATHAN33 | H24: =CONCATENATE($N$2,F24,$N$3) -> CREATE DATABASE I224_NATHAN33; | J24: =CONCATENATE($N$7,F24,$N$8,$N$9,$N$10) -> GRANT ALL PRIVILEGES ON I224_NATHAN33.* TO l218_tlb;
B25: PATRICIA CRISTINA DE ARAUJO | C25: 34 | D25: =MID(B25,1,SEARCH(" ",B25,1)) -> PATRICIA | E25: =TRIM(MID(B25,1,SEARCH(" ",B25,1))) -> PATRICIA | F25: =CONCATENATE($A$1,E25,C25) -> I224_PATRICIA34 | H25: =CONCATENATE($N$2,F25,$N$3) -> CREATE DATABASE I224_PATRICIA34; | J25: =CONCATENATE($N$7,F25,$N$8,$N$9,$N$10) -> GRANT ALL PRIVILEGES ON I224_PATRICIA34.* TO l218_tlb;
B26: RAYSSA THAINA KATAOKA DE CARVALHO SILVA | C26: 35 | D26: =MID(B26,1,SEARCH(" ",B26,1)) -> RAYSSA | E26: =TRIM(MID(B26,1,SEARCH(" ",B26,1))) -> RAYSSA | F26: =CONCATENATE($A$1,E26,C26) -> I224_RAYSSA35 | H26: =CONCATENATE($N$2,F26,$N$3) -> CREATE DATABASE I224_RAYSSA35; | J26: =CONCATENATE($N$7,F26,$N$8,$N$9,$N$10) -> GRANT ALL PRIVILEGES ON I224_RAYSSA35.* TO l218_tlb;
... B35: VITOR HUGO ALVES DE SOUZA | C35: 44 | D35: =MID(B35,1,SEARCH(" ",B35,1)) -> VITOR | E35: =TRIM(MID(B35,1,SEARCH(" ",B35,1))) -> VITOR | F35: =CONCATENATE($A$1,E35,C35) -> I224_VITOR44 | H35: =CONCATENATE($N$2,F35,$N$3) -> CREATE DATABASE I224_VITOR44; | J35: =CONCATENATE($N$7,F35,$N$8,$N$9,$N$10) -> GRANT ALL PRIVILEGES ON I224_VITOR44.* TO l218_tlb;

Sheet COMANDOS
B2: CREATE DATABASE infonet_1sem_24;
B4: CREATE USER 'us_aula_node' IDENTIFIED BY '123456';
B6: GRANT ALL PRIVILEGES ON infonet_1sem_24.* TO us_aula_node;

Sheet BD_TCC
B1: 10.67.22.216 | C1: << Servidor
B3: CREATE DATABASE cloze3 CHARACTER SET utf8mb4 COLLATE utf8mb4_unicode_ci; | C3: CREATE DATABASE cloze3 CHARACTER SET utf8 COLLATE utf8_unicode_ci;
B5: COMANDO | C5: CURSO | D5: COMANDO | E5: TURMA | F5: COMANDO | G5: GRUPO | H5: COMANDO | J5: PRONTO
B6: CREATE DATABASE bd_tcc_ | C6: infonet | D6: _ | E6: 224 | F6: _ | G6: monit_prev | H6: ; | J6: =_xlfn.CONCAT(B6,C6,D6,E6,F6,G6,H6) -> CREATE DATABASE bd_tcc_infonet_224_monit_prev;
B7: CREATE DATABASE bd_tcc_ | C7: =C6 -> infonet | D7: _ | E7: =E6 -> 224 | F7: _ | G7: farmacia | H7: ; | J7: =_xlfn.CONCAT(B7,C7,D7,E7,F7,G7,H7) -> CREATE DATABASE bd_tcc_infonet_224_farmacia;
B8: CREATE DATABASE bd_tcc_ | C8: =C6 -> infonet | D8: _ | E8: =E6 -> 224 | F8: _ | G8: skincs | H8: ; | J8: =_xlfn.CONCAT(B8,C8,D8,E8,F8,G8,H8) -> CREATE DATABASE bd_tcc_infonet_224_skincs;
B9: CREATE DATABASE bd_tcc_ | C9: =C6 -> infonet | D9: _ | E9: =E6 -> 224 | F9: _ | G9: condominio | H9: ; | J9: =_xlfn.CONCAT(B9,C9,D9,E9,F9,G9,H9) -> CREATE DATABASE bd_tcc_infonet_224_condominio;
B10: CREATE DATABASE bd_tcc_ | C10: =C6 -> infonet | D10: _ | E10: =E6 -> 224 | F10: _ | G10: amendoim | H10: ; | J10: =_xlfn.CONCAT(B10,C10,D10,E10,F10,G10,H10) -> CREATE DATABASE bd_tcc_infonet_224_amendoim;
B11: CREATE DATABASE bd_tcc_ | C11: =C6 -> infonet | D11: _ | E11: =E6 -> 224 | F11: _ | G11: g6 | H11: ; | J11: =_xlfn.CONCAT(B11,C11,D11,E11,F11,G11,H11) -> CREATE DATABASE bd_tcc_infonet_224_g6;
B12: CREATE DATABASE bd_tcc_ | C12: =C6 -> infonet | D12: _ | E12: =E6 -> 224 | F12: _ | G12: g7 | H12: ; | J12: =_xlfn.CONCAT(B12,C12,D12,E12,F12,G12,H12) -> CREATE DATABASE bd_tcc_infonet_224_g7;
C14: CURSO | E14: TURMA | G14: GRUPO | I14: SENHA
B15: CREATE USER 'us_ | C15: =C6 -> infonet | D15: _ | E15: =E6 -> 224 | F15: _ | G15: =G6 -> monit_prev | H15: ' IDENTIFIED BY ' | I15: mnt489prev | J15: '; | K15: =_xlfn.CONCAT(B15,C15,D15,E15,F15,G15,H15,I15,J15) -> CREATE USER 'us_infonet_224_monit_prev' IDENTIFIED BY 'mnt489prev';
B16: CREATE USER 'us_ | C16: =C6 -> infonet | D16: _ | E16: =E6 -> 224 | F16: _ | G16: =G7 -> farmacia | H16: ' IDENTIFIED BY ' | I16: frm590aai | J16: '; | K16: =_xlfn.CONCAT(B16,C16,D16,E16,F16,G16,H16,I16,J16) -> CREATE USER 'us_infonet_224_farmacia' IDENTIFIED BY 'frm590aai';
B17: CREATE USER 'us_ | C17: =C6 -> infonet | D17: _ | E17: =E6 -> 224 | F17: _ | G17: =G8 -> skincs | H17: ' IDENTIFIED BY ' | I17: skn061ics | J17: '; | K17: =_xlfn.CONCAT(B17,C17,D17,E17,F17,G17,H17,I17,J17) -> CREATE USER 'us_infonet_224_skincs' IDENTIFIED BY 'skn061ics';
B18: CREATE USER 'us_ | C18: =C6 -> infonet | D18: _ | E18: =E6 -> 224 | F18: _ | G18: =G9 -> condominio | H18: ' IDENTIFIED BY ' | I18: of2723 | J18: '; | K18: =_xlfn.CONCAT(B18,C18,D18,E18,F18,G18,H18,I18,J18) -> CREATE USER 'us_infonet_224_condominio' IDENTIFIED BY 'of2723';
B19: CREATE USER 'us_ | C19: =C6 -> infonet | D19: _ | E19: =E6 -> 224 | F19: _ | G19: =G10 -> amendoim | H19: ' IDENTIFIED BY ' | I19: ug2327 | J19: '; | K19: =_xlfn.CONCAT(B19,C19,D19,E19,F19,G19,H19,I19,J19) -> CREATE USER 'us_infonet_224_amendoim' IDENTIFIED BY 'ug2327';
B20: CREATE USER 'us_ | C20: =C6 -> infonet | D20: _ | E20: =E6 -> 224 | F20: _ | G20: =G11 -> g6 | H20: ' IDENTIFIED BY ' | I20: ah7372 | J20: '; | K20: =_xlfn.CONCAT(B20,C20,D20,E20,F20,G20,H20,I20,J20) -> CREATE USER 'us_infonet_224_g6' IDENTIFIED BY 'ah7372';
B21: CREATE USER 'us_ | C21: =C6 -> infonet | D21: _ | E21: =E6 -> 224 | F21: _ | G21: =G12 -> g7 | H21: ' IDENTIFIED BY ' | I21: ej5213 | J21: '; | K21: =_xlfn.CONCAT(B21,C21,D21,E21,F21,G21,H21,I21,J21) -> CREATE USER 'us_infonet_224_g7' IDENTIFIED BY 'ej5213';
C23: CURSO | E23: TURMA | G23: GRUPO | I23: CURSO | K23: TURMA | M23: GRUPO
B24: GRANT ALL PRIVILEGES ON bd_tcc_ | C24: =C6 -> infonet | D24: _ | E24: =E6 -> 224 | F24: _ | G24: =G6 -> monit_prev | H24: .* TO us_ | I24: =C24 -> infonet | J24: _ | K24: =E6 -> 224 | L24: _ | M24: =G15 -> monit_prev | N24: ; | P24: =_xlfn.CONCAT(B24,C24,D24,E24,F24,G24,H24,I24,J24,K24,L24,M24,N24) -> GRANT ALL PRIVILEGES ON bd_tcc_infonet_224_monit_prev.* TO us_infonet_224_monit_prev;
B25: GRANT ALL PRIVILEGES ON bd_tcc_ | C25: =C6 -> infonet | D25: _ | E25: =E6 -> 224 | F25: _ | G25: =G7 -> farmacia | H25: .* TO us_ | I25: =C25 -> infonet | J25: _ | K25: =E6 -> 224 | L25: _ | M25: =G16 -> farmacia | N25: ; | P25: =_xlfn.CONCAT(B25,C25,D25,E25,F25,G25,H25,I25,J25,K25,L25,M25,N25) -> GRANT ALL PRIVILEGES ON bd_tcc_infonet_224_farmacia.* TO us_infonet_224_farmacia;
B26: GRANT ALL PRIVILEGES ON bd_tcc_ | C26: =C6 -> infonet | D26: _ | E26: =E6 -> 224 | F26: _ | G26: =G8 -> skincs | H26: .* TO us_ | I26: =C26 -> infonet | J26: _ | K26: =E6 -> 224 | L26: _ | M26: =G17 -> skincs | N26: ; | P26: =_xlfn.CONCAT(B26,C26,D26,E26,F26,G26,H26,I26,J26,K26,L26,M26,N26) -> GRANT ALL PRIVILEGES ON bd_tcc_infonet_224_skincs.* TO us_infonet_224_skincs;
B27: GRANT ALL PRIVILEGES ON bd_tcc_ | C27: =C6 -> infonet | D27: _ | E27: =E6 -> 224 | F27: _ | G27: =G9 -> condominio | H27: .* TO us_ | I27: =C27 -> infonet | J27: _ | K27: =E6 -> 224 | L27: _ | M27: =G18 -> condominio | N27: ; | P27: =_xlfn.CONCAT(B27,C27,D27,E27,F27,G27,H27,I27,J27,K27,L27,M27,N27) -> GRANT ALL PRIVILEGES ON bd_tcc_infonet_224_condominio.* TO us_infonet_224_condominio;
B28: GRANT ALL PRIVILEGES ON bd_tcc_ | C28: =C6 -> infonet | D28: _ | E28: =E6 -> 224 | F28: _ | G28: =G10 -> amendoim | H28: .* TO us_ | I28: =C28 -> infonet | J28: _ | K28: =E6 -> 224 | L28: _ | M28: =G19 -> amendoim | N28: ; | P28: =_xlfn.CONCAT(B28,C28,D28,E28,F28,G28,H28,I28,J28,K28,L28,M28,N28) -> GRANT ALL PRIVILEGES ON bd_tcc_infonet_224_amendoim.* TO us_infonet_224_amendoim;
B29: GRANT ALL PRIVILEGES ON bd_tcc_ | C29: =C6 -> infonet | D29: _ | E29: =E6 -> 224 | F29: _ | G29: =G11 -> g6 | H29: .* TO us_ | I29: =C29 -> infonet | J29: _ | K29: =E6 -> 224 | L29: _ | M29: =G20 -> g6 | N29: ; | P29: =_xlfn.CONCAT(B29,C29,D29,E29,F29,G29,H29,I29,J29,K29,L29,M29,N29) -> GRANT ALL PRIVILEGES ON bd_tcc_infonet_224_g6.* TO us_infonet_224_g6;
B30: GRANT ALL PRIVILEGES ON bd_tcc_ | C30: =C6 -> infonet | D30: _ | E30: =E6 -> 224 | F30: _ | G30: =G12 -> g7 | H30: .* TO us_ | I30: =C30 -> infonet | J30: _ | K30: =E6 -> 224 | L30: _ | M30: =G21 -> g7 | N30: ; | P30: =_xlfn.CONCAT(B30,C30,D30,E30,F30,G30,H30,I30,J30,K30,L30,M30,N30) -> GRANT ALL PRIVILEGES ON bd_tcc_infonet_224_g7.* TO us_infonet_224_g7;

Sheet g1
B2: Servidor | C2: =BD_TCC!B1 -> 10.67.22.216 | E2: recursos
B3: Banco de dados | C3: =_xlfn.CONCAT(E3,BD_TCC!C6,BD_TCC!D6,BD_TCC!E6,BD_TCC!F6,BD_TCC!G6) -> bd_tcc_infonet_224_monit_prev | E3: bd_tcc_
B4: Usuário | C4: =_xlfn.CONCAT(E4,BD_TCC!C15,BD_TCC!D15,BD_TCC!E15,BD_TCC!F15,BD_TCC!G15) -> us_infonet_224_monit_prev | E4: us_
B5: Senha | C5: =BD_TCC!I15 -> mnt489prev

Sheet g2
B2: Servidor | C2: =BD_TCC!B1 -> 10.67.22.216 | E2: recursos
B3: Banco de dados | C3: =_xlfn.CONCAT(E3,BD_TCC!C7,BD_TCC!D7,BD_TCC!E7,BD_TCC!F7,BD_TCC!G7) -> bd_tcc_infonet_224_farmacia | E3: bd_tcc_
B4: Usuário | C4: =_xlfn.CONCAT(E4,BD_TCC!C16,BD_TCC!D16,BD_TCC!E16,BD_TCC!F16,BD_TCC!G16) -> us_infonet_224_farmacia | E4: us_
B5: Senha | C5: =BD_TCC!I16 -> frm590aai

Sheet g3
B2: Servidor | C2: =BD_TCC!B1 -> 10.67.22.216 | E2: recursos
B3: Banco de dados | C3: =_xlfn.CONCAT(E3,BD_TCC!C8,BD_TCC!D8,BD_TCC!E8,BD_TCC!F8,BD_TCC!G8) -> bd_tcc_infonet_224_skincs | E3: bd_tcc_
B4: Usuário | C4: =_xlfn.CONCAT(E4,BD_TCC!C17,BD_TCC!D17,BD_TCC!E17,BD_TCC!F17,BD_TCC!G17) -> us_infonet_224_skincs | E4: us_
B5: Senha | C5: =BD_TCC!I17 -> skn061ics

Sheet g4
B2: Servidor | C2: =BD_TCC!B1 -> 10.67.22.216 | E2: recursos
B3: Banco de dados | C3: =_xlfn.CONCAT(E3,BD_TCC!C9,BD_TCC!D9,BD_TCC!E9,BD_TCC!F9,BD_TCC!G9) -> bd_tcc_infonet_224_condominio | E3: bd_tcc_
B4: Usuário | C4: =_xlfn.CONCAT(E4,BD_TCC!C18,BD_TCC!D18,BD_TCC!E18,BD_TCC!F18,BD_TCC!G18) -> us_infonet_224_condominio | E4: us_
B5: Senha | C5: =BD_TCC!I18 -> of2723

Sheet g5
B2: Servidor | C2: =BD_TCC!B1 -> 10.67.22.216 | E2: recursos
B3: Banco de dados | C3: =_xlfn.CONCAT(E3,BD_TCC!C10,BD_TCC!D10,BD_TCC!E10,BD_TCC!F10,BD_TCC!G10) -> bd_tcc_infonet_224_amendoim | E3: bd_tcc_
B4: Usuário | C4: =_xlfn.CONCAT(E4,BD_TCC!C19,BD_TCC!D19,BD_TCC!E19,BD_TCC!F19,BD_TCC!G19) -> us_infonet_224_amendoim | E4: us_
B5: Senha | C5: =BD_TCC!I19 -> ug2327

Sheet g6
B2: Servidor | C2: =BD_TCC!B1 -> 10.67.22.216 | E2: recursos
B3: Banco de dados | C3: =_xlfn.CONCAT(E3,BD_TCC!C11,BD_TCC!D11,BD_TCC!E11,BD_TCC!F11,BD_TCC!G11) -> bd_tcc_infonet_224_g6 | E3: bd_tcc_
B4: Usuário | C4: =_xlfn.CONCAT(E4,BD_TCC!C20,BD_TCC!D20,BD_TCC!E20,BD_TCC!F20,BD_TCC!G20) -> us_infonet_224_g6 | E4: us_
B5: Senha | C5: =BD_TCC!I20 -> ah7372

Sheet g7
B2: Servidor | C2: =BD_TCC!B1 -> 10.67.22.216 | E2: recursos
B3: Banco de dados | C3: =_xlfn.CONCAT(E3,BD_TCC!C12,BD_TCC!D12,BD_TCC!E12,BD_TCC!F12,BD_TCC!G12) -> bd_tcc_infonet_224_g7 | E3: bd_tcc_
B4: Usuário | C4: =_xlfn.CONCAT(E4,BD_TCC!C21,BD_TCC!D21,BD_TCC!E21,BD_TCC!F21,BD_TCC!G21) -> us_infonet_224_g7 | E4: us_
B5: Senha | C5: =BD_TCC!I21 -> ej5213
